# Implementation correspondence for the host-action formal witness (HA-1,
# spec/host-actions.md). One row per rewrite rule in models/maude/host-actions.maude
# and models/maude/host-action-recovery.maude:
#
#   model  module  rule  role  implementation  regressions
#
# role is `realizes` for a rule of a base module that the store or kernel
# implements, `environment` for a base rule that models the world the
# implementation must tolerate (a sink applying, a crash, a lost callback, a
# competing edit), and `forbids` for the forbidden transition a negative-control
# module adds. A `forbids` row's implementation is the guard that refuses it and
# its regressions are the tests that would fail if the guard were removed.
#
# implementation and regressions are comma-separated `path#name`. A name in the
# implementation column must be a `fn` in that file (`-` only for environment);
# every regression must be a `#[test]` function in that file, not ignored.
#
# Enforced by scripts/check-host-action-correspondence.py (bar section
# host-action-correspondence): a rule without a row, a row without its rule, a
# control module no search exercises, or a named function or test that has
# disappeared fails the bar. It checks names, not what a test asserts; that a
# regression bites is the test's own job.
model	module	rule	role	implementation	regressions
host-actions.maude	WHIPPLESCRIPT-HOST-ACTIONS	admit	realizes	crates/whipplescript-store/src/host_actions.rs#admit_host_action,crates/whipplescript-store/src/host_actions.rs#admit_host_action_retained	crates/whipplescript-store/src/host_actions.rs#host_action_native_admission_conformance,crates/whipplescript-store/src/host_actions.rs#host_action_native_rolls_back_at_each_admission_boundary
host-actions.maude	WHIPPLESCRIPT-HOST-ACTIONS	reattach	realizes	crates/whipplescript-store/src/host_actions.rs#admit_host_action_retained	crates/whipplescript-store/src/host_actions.rs#host_action_native_admission_conformance,crates/whipplescript-store/src/host_actions.rs#host_action_native_concurrent_delivery_and_restart_keep_one_admission
host-actions.maude	WHIPPLESCRIPT-HOST-ACTIONS	conflict	realizes	crates/whipplescript-store/src/host_actions.rs#admit_host_action_retained	crates/whipplescript-store/src/host_actions.rs#host_action_native_admission_conformance,crates/whipplescript-kernel/src/host_action.rs#host_action_authenticated_retry_cannot_rebind_a_request
host-actions.maude	WHIPPLESCRIPT-HOST-ACTIONS	refuse-forged	realizes	crates/whipplescript-kernel/src/host_protocol/action.rs#verify	crates/whipplescript-kernel/src/host_action.rs#host_action_bad_authority_or_registered_contract_creates_no_instance,crates/whipplescript-kernel/src/host_protocol/action.rs#host_action_every_semantic_field_is_bound_to_the_proof
host-actions.maude	WHIPPLESCRIPT-HOST-ACTIONS	inspect	realizes	crates/whipplescript-kernel/src/host_facade.rs#read_action_result	crates/whipplescript-kernel/src/action_result/tests.rs#result_lookup_survives_restart_and_policy_renewal_without_executing
host-actions.maude	WHIPPLESCRIPT-HOST-ACTIONS	dispatch-intent	realizes	crates/whipplescript-store/src/effect_recovery.rs#native_dispatch_marker,crates/whipplescript-store/src/lib.rs#start_dispatch_observed	crates/whipplescript-store/src/effect_recovery.rs#external_recovery_native_conformance,crates/whipplescript-store/src/dispatch_definition.rs#native_dispatch_observation_conformance
host-actions.maude	WHIPPLESCRIPT-HOST-ACTIONS	remote-apply	environment	-	crates/whipplescript-cli/tests/file_dispatch_parity.rs#file_dispatch_and_accepted_content_have_native_hosted_parity
host-actions.maude	WHIPPLESCRIPT-HOST-ACTIONS	crash-before-send	environment	-	crates/whipplescript-cli/tests/file_dispatch_parity.rs#file_dispatch_and_accepted_content_have_native_hosted_parity,crates/whipplescript-cli/tests/admitted_file_execution.rs#admitted_file_execution_has_current_authority_on_both_hosts
host-actions.maude	WHIPPLESCRIPT-HOST-ACTIONS	drop-callback	environment	-	crates/whipplescript-cli/tests/file_dispatch_parity.rs#file_dispatch_and_accepted_content_have_native_hosted_parity,crates/whipplescript-cli/src/native_executor/managed/tests/races.rs#native_norm_driver_preserves_live_pending_and_settles_closed_completion
host-actions.maude	WHIPPLESCRIPT-HOST-ACTIONS	acknowledge	realizes	crates/whipplescript-store/src/lib.rs#complete_effect,crates/whipplescript-store/src/effect_recovery.rs#fold_attempts	crates/whipplescript-kernel/src/host_action.rs#host_action_executes_an_ordinary_workflow_once_without_a_model,crates/whipplescript-store/src/effect_recovery.rs#external_disposition_is_not_a_terminal_status
host-actions.maude	WHIPPLESCRIPT-HOST-ACTIONS	reconcile-applied	realizes	crates/whipplescript-kernel/src/effect_reconciliation.rs#record_reconciliation,crates/whipplescript-kernel/src/host_protocol/recovery.rs#verify	crates/whipplescript-kernel/src/effect_reconciliation.rs#authenticated_reconciliation_native_journey,crates/whipplescript-kernel/src/host_protocol/recovery.rs#reconciliation_binds_every_semantic_leaf_to_current_authority_and_target_proof
host-actions.maude	WHIPPLESCRIPT-HOST-ACTIONS	reconcile-absent	realizes	crates/whipplescript-kernel/src/exec_lifetime.rs#record_proved_absence,crates/whipplescript-store/src/effect_recovery.rs#fold_attempts	crates/whipplescript-cli/src/native_executor/managed/tests/races.rs#native_reconciliation_retains_all_outcomes_without_settling_or_reexecuting,crates/whipplescript-store/src/effect_recovery.rs#external_disposition_is_not_a_terminal_status
host-actions.maude	WHIPPLESCRIPT-HOST-ACTIONS	retry-proved-absence	realizes	crates/whipplescript-store/src/lib.rs#retry_effect,crates/whipplescript-store/src/effect_recovery.rs#require_proved_absence	crates/whipplescript-store/src/effect_recovery.rs#external_disposition_is_not_a_terminal_status,crates/whipplescript-cli/tests/file_dispatch_parity.rs#file_dispatch_and_accepted_content_have_native_hosted_parity
host-actions.maude	WHIPPLESCRIPT-HOST-ACTIONS-FORGED	bypass-auth	forbids	crates/whipplescript-kernel/src/host_protocol/action.rs#verify	crates/whipplescript-kernel/src/host_action.rs#host_action_bad_authority_or_registered_contract_creates_no_instance
host-actions.maude	WHIPPLESCRIPT-HOST-ACTIONS-REBOUND	bypass-fingerprint	forbids	crates/whipplescript-store/src/host_actions.rs#admit_host_action_retained	crates/whipplescript-store/src/host_actions.rs#host_action_native_admission_conformance,crates/whipplescript-kernel/src/host_action.rs#host_action_authenticated_retry_cannot_rebind_a_request
host-actions.maude	WHIPPLESCRIPT-HOST-ACTIONS-REPLAY	bypass-replay	forbids	crates/whipplescript-kernel/src/host_facade.rs#read_action_result	crates/whipplescript-kernel/src/action_result/tests.rs#result_lookup_survives_restart_and_policy_renewal_without_executing
host-actions.maude	WHIPPLESCRIPT-HOST-ACTIONS-RETRY	bypass-unknown	forbids	crates/whipplescript-store/src/effect_recovery.rs#require_proved_absence	crates/whipplescript-store/src/effect_recovery.rs#external_disposition_is_not_a_terminal_status,crates/whipplescript-cli/src/native_executor/managed/tests/races.rs#native_norm_driver_preserves_live_pending_and_settles_closed_completion,crates/whipplescript-cli/tests/file_dispatch_parity.rs#file_dispatch_and_accepted_content_have_native_hosted_parity
host-actions.maude	WHIPPLESCRIPT-HOST-ACTIONS-PARTIAL	bypass-atomic	forbids	crates/whipplescript-store/src/host_actions.rs#admit_host_action_retained	crates/whipplescript-store/src/host_actions.rs#host_action_native_rolls_back_at_each_admission_boundary
host-actions.maude	WHIPPLESCRIPT-HOST-ACTIONS-DUPLICATE	bypass-reattach	forbids	crates/whipplescript-store/src/host_actions.rs#admit_host_action_retained	crates/whipplescript-store/src/host_actions.rs#host_action_native_concurrent_delivery_and_restart_keep_one_admission
host-actions.maude	WHIPPLESCRIPT-HOST-ACTIONS-UNLOGGED	bypass-intent	forbids	crates/whipplescript-store/src/effect_recovery.rs#native_dispatch_marker,crates/whipplescript-kernel/src/action_execution.rs#refuse_unverified_action_dispatch	crates/whipplescript-store/src/effect_recovery.rs#external_recovery_native_conformance,crates/whipplescript-kernel/src/action_execution.rs#execution_grant_is_exact_single_use_and_cannot_be_rehydrated_from_evidence
host-actions.maude	WHIPPLESCRIPT-HOST-ACTION-OBSERVATION	competing-change	environment	-	crates/whipplescript-store/src/dispatch_definition.rs#native_dispatch_observation_conformance
host-actions.maude	WHIPPLESCRIPT-HOST-ACTION-OBSERVATION	compare-and-dispatch	realizes	crates/whipplescript-store/src/lib.rs#start_dispatch_observed,crates/whipplescript-kernel/src/host_protocol/execution.rs#effect_observation_fingerprint	crates/whipplescript-store/src/dispatch_definition.rs#native_dispatch_observation_conformance,crates/whipplescript-kernel/src/host_protocol/execution.rs#execution_observation_hash_binds_every_handler_coordinate
host-actions.maude	WHIPPLESCRIPT-HOST-ACTION-OBSERVATION-SPLIT	check-before-transaction	forbids	crates/whipplescript-store/src/lib.rs#start_dispatch_observed	crates/whipplescript-store/src/dispatch_definition.rs#native_dispatch_observation_conformance
host-actions.maude	WHIPPLESCRIPT-HOST-ACTION-OBSERVATION-SPLIT	dispatch-later	forbids	crates/whipplescript-store/src/lib.rs#start_dispatch_observed	crates/whipplescript-store/src/dispatch_definition.rs#native_dispatch_observation_conformance
host-actions.maude	WHIPPLESCRIPT-HOST-ACTION-EXECUTION	current-verification	realizes	crates/whipplescript-kernel/src/host_protocol/execution.rs#verify	crates/whipplescript-kernel/src/host_protocol/execution.rs#execution_wire_and_current_policy_are_independent_of_original_admission,crates/whipplescript-cli/tests/admitted_file_execution.rs#execution_fixture_rejects_a_forged_policy_signature
host-actions.maude	WHIPPLESCRIPT-HOST-ACTION-EXECUTION	consume-grant	realizes	crates/whipplescript-kernel/src/action_execution.rs#action_dispatch_metadata	crates/whipplescript-kernel/src/action_execution.rs#execution_grant_is_exact_single_use_and_cannot_be_rehydrated_from_evidence
host-actions.maude	WHIPPLESCRIPT-HOST-ACTION-EXECUTION	scope-exit	realizes	crates/whipplescript-kernel/src/action_execution.rs#drop	crates/whipplescript-kernel/src/action_execution.rs#execution_scope_clears_unconsumed_authority_on_error_and_unwind
host-actions.maude	WHIPPLESCRIPT-HOST-ACTION-EXECUTION-REHYDRATE	reuse-recorded-metadata	forbids	crates/whipplescript-kernel/src/action_execution.rs#action_dispatch_metadata,crates/whipplescript-kernel/src/action_execution.rs#refuse_unverified_action_dispatch	crates/whipplescript-kernel/src/action_execution.rs#execution_grant_is_exact_single_use_and_cannot_be_rehydrated_from_evidence
host-actions.maude	WHIPPLESCRIPT-HOST-ACTION-EXECUTION-REVOKED	ignore-current-revocation	forbids	crates/whipplescript-kernel/src/host_protocol/execution.rs#verify	crates/whipplescript-kernel/src/host_protocol/execution.rs#execution_wire_and_current_policy_are_independent_of_original_admission,crates/whipplescript-cli/tests/admitted_file_execution.rs#execution_fixture_rejects_a_forged_policy_signature
host-action-recovery.maude	WHIPPLESCRIPT-HOST-ACTION-RECOVERY	resolve	realizes	crates/whipplescript-store/src/effect_recovery.rs#fold_attempts,crates/whipplescript-kernel/src/effect_reconciliation.rs#record_reconciliation	crates/whipplescript-store/src/effect_recovery.rs#late_evidence_is_retained_and_contradiction_stops_recovery,crates/whipplescript-kernel/src/effect_reconciliation.rs#authenticated_reconciliation_native_journey
host-action-recovery.maude	WHIPPLESCRIPT-HOST-ACTION-RECOVERY	reject-forged-evidence	realizes	crates/whipplescript-store/src/effect_recovery.rs#fold_attempts,crates/whipplescript-kernel/src/host_protocol/recovery.rs#verify	crates/whipplescript-store/src/effect_recovery.rs#an_external_event_cannot_settle_a_dispatch,crates/whipplescript-kernel/src/host_protocol/recovery.rs#reconciliation_authentication_cannot_substitute_a_different_receipt_digest
host-action-recovery.maude	WHIPPLESCRIPT-HOST-ACTION-RECOVERY	duplicate-evidence	realizes	crates/whipplescript-store/src/effect_recovery.rs#fold_attempts	crates/whipplescript-store/src/effect_recovery.rs#duplicate_or_mismatched_dispatch_cannot_become_evidence
host-action-recovery.maude	WHIPPLESCRIPT-HOST-ACTION-RECOVERY	retain-corroboration	realizes	crates/whipplescript-store/src/effect_recovery.rs#fold_attempts	crates/whipplescript-store/src/effect_recovery.rs#late_evidence_is_retained_and_contradiction_stops_recovery
host-action-recovery.maude	WHIPPLESCRIPT-HOST-ACTION-RECOVERY	retain-contradiction	realizes	crates/whipplescript-store/src/effect_recovery.rs#fold_attempts	crates/whipplescript-store/src/effect_recovery.rs#late_evidence_is_retained_and_contradiction_stops_recovery
host-action-recovery.maude	WHIPPLESCRIPT-HOST-ACTION-RECOVERY	retry-after-absence	realizes	crates/whipplescript-store/src/effect_recovery.rs#require_proved_absence,crates/whipplescript-store/src/lib.rs#retry_effect	crates/whipplescript-store/src/effect_recovery.rs#external_disposition_is_not_a_terminal_status,crates/whipplescript-cli/tests/file_dispatch_parity.rs#file_dispatch_and_accepted_content_have_native_hosted_parity
host-action-recovery.maude	WHIPPLESCRIPT-HOST-ACTION-RECOVERY	retry-requires-authority	realizes	crates/whipplescript-kernel/src/action_execution.rs#refuse_unverified_action_dispatch,crates/whipplescript-kernel/src/action_execution.rs#action_dispatch_metadata	crates/whipplescript-kernel/src/action_execution.rs#execution_grant_is_exact_single_use_and_cannot_be_rehydrated_from_evidence
host-action-recovery.maude	WHIPPLESCRIPT-HOST-ACTION-RECOVERY	admit-compensation	realizes	crates/whipplescript-kernel/src/host_protocol/action.rs#verify,crates/whipplescript-store/src/host_actions.rs#admit_host_action	crates/whipplescript-kernel/src/host_protocol/action.rs#host_action_key_is_stable_across_changed_meaning_and_scoped_without_collisions,crates/whipplescript-store/src/host_actions.rs#host_action_native_admission_conformance
host-action-recovery.maude	WHIPPLESCRIPT-HOST-ACTION-RECOVERY	refuse-compensation	realizes	crates/whipplescript-kernel/src/host_protocol/action.rs#verify	crates/whipplescript-kernel/src/host_action.rs#host_action_bad_authority_or_registered_contract_creates_no_instance
host-action-recovery.maude	WHIPPLESCRIPT-HOST-ACTION-RECOVERY-TERMINAL	pretend-failure-is-absence	forbids	crates/whipplescript-store/src/effect_recovery.rs#fold_attempts,crates/whipplescript-store/src/effect_recovery.rs#require_proved_absence	crates/whipplescript-store/src/effect_recovery.rs#external_disposition_is_not_a_terminal_status,crates/whipplescript-cli/src/native_executor/managed/tests/races.rs#native_norm_driver_preserves_live_pending_and_settles_closed_completion
host-action-recovery.maude	WHIPPLESCRIPT-HOST-ACTION-RECOVERY-FORGED	believe-caller-label	forbids	crates/whipplescript-store/src/effect_recovery.rs#fold_attempts,crates/whipplescript-kernel/src/host_protocol/recovery.rs#verify	crates/whipplescript-store/src/effect_recovery.rs#an_external_event_cannot_settle_a_dispatch,crates/whipplescript-kernel/src/host_protocol/recovery.rs#reconciliation_authentication_cannot_substitute_a_different_receipt_digest
host-action-recovery.maude	WHIPPLESCRIPT-HOST-ACTION-RECOVERY-FRAME	ignore-attempt-coordinate	forbids	crates/whipplescript-store/src/effect_recovery.rs#fold_attempts	crates/whipplescript-store/src/effect_recovery.rs#evidence_must_bind_every_dispatch_coordinate
host-action-recovery.maude	WHIPPLESCRIPT-HOST-ACTION-RECOVERY-OVERWRITE	overwrite-settled-evidence	forbids	crates/whipplescript-store/src/effect_recovery.rs#fold_attempts	crates/whipplescript-store/src/effect_recovery.rs#late_evidence_is_retained_and_contradiction_stops_recovery
host-action-recovery.maude	WHIPPLESCRIPT-HOST-ACTION-RECOVERY-CONFLICT	retry-despite-contradiction	forbids	crates/whipplescript-store/src/effect_recovery.rs#require_proved_absence	crates/whipplescript-store/src/effect_recovery.rs#late_evidence_is_retained_and_contradiction_stops_recovery
host-action-recovery.maude	WHIPPLESCRIPT-HOST-ACTION-RECOVERY-COMPENSATION	borrow-original-authority	forbids	crates/whipplescript-kernel/src/host_protocol/action.rs#verify,crates/whipplescript-kernel/src/action_execution.rs#action_dispatch_metadata	crates/whipplescript-kernel/src/host_action.rs#host_action_bad_authority_or_registered_contract_creates_no_instance,crates/whipplescript-kernel/src/action_execution.rs#execution_grant_is_exact_single_use_and_cannot_be_rehydrated_from_evidence
host-action-recovery.maude	WHIPPLESCRIPT-HOST-ACTION-FILE-CEILING	dispatch-file-write	realizes	crates/whipplescript-store/src/effect_recovery.rs#native_dispatch_marker,crates/whipplescript-store/src/effect_recovery.rs#unverified_dispatch_marker	crates/whipplescript-store/src/effect_recovery.rs#external_recovery_native_conformance
host-action-recovery.maude	WHIPPLESCRIPT-HOST-ACTION-FILE-CEILING	apply-write	environment	crates/whipplescript-kernel/src/effect_handlers.rs#run_file_write_effect_generic	crates/whipplescript-cli/tests/file_dispatch_parity.rs#file_dispatch_and_accepted_content_have_native_hosted_parity
host-action-recovery.maude	WHIPPLESCRIPT-HOST-ACTION-FILE-CEILING	crash-before-write	environment	-	crates/whipplescript-cli/tests/file_dispatch_parity.rs#file_dispatch_and_accepted_content_have_native_hosted_parity,crates/whipplescript-cli/tests/admitted_file_execution.rs#admitted_file_execution_has_current_authority_on_both_hosts
host-action-recovery.maude	WHIPPLESCRIPT-HOST-ACTION-FILE-CEILING	reconcile-committed-cut	realizes	crates/whipplescript-kernel/src/save_reconciliation.rs#prepare,crates/whipplescript-kernel/src/save_reconciliation.rs#require_committed_target	crates/whipplescript-cli/tests/admitted_file_execution.rs#admitted_file_execution_has_current_authority_on_both_hosts
host-action-recovery.maude	WHIPPLESCRIPT-HOST-ACTION-FILE-CEILING	refuse-missing-cut	realizes	crates/whipplescript-kernel/src/save_reconciliation.rs#require_committed_target	crates/whipplescript-kernel/src/save_reconciliation/target_result_tests.rs#absent_save_targets_cannot_supply_application_proof_to_either_reader,crates/whipplescript-cli/tests/admitted_file_execution.rs#admitted_file_execution_has_current_authority_on_both_hosts
host-action-recovery.maude	WHIPPLESCRIPT-HOST-ACTION-FILE-CEILING	record-proved-absence	realizes	crates/whipplescript-store/src/effect_recovery.rs#fold_attempts	crates/whipplescript-cli/tests/file_dispatch_parity.rs#file_dispatch_and_accepted_content_have_native_hosted_parity
host-action-recovery.maude	WHIPPLESCRIPT-HOST-ACTION-FILE-CEILING	retry-proved-absence	realizes	crates/whipplescript-store/src/effect_recovery.rs#require_proved_absence,crates/whipplescript-store/src/lib.rs#retry_effect	crates/whipplescript-cli/tests/file_dispatch_parity.rs#file_dispatch_and_accepted_content_have_native_hosted_parity
host-action-recovery.maude	WHIPPLESCRIPT-HOST-ACTION-FILE-CEILING	refuse-unproved-retry	realizes	crates/whipplescript-store/src/effect_recovery.rs#require_proved_absence	crates/whipplescript-cli/tests/file_dispatch_parity.rs#file_dispatch_and_accepted_content_have_native_hosted_parity,crates/whipplescript-store/src/effect_recovery.rs#external_disposition_is_not_a_terminal_status
host-action-recovery.maude	WHIPPLESCRIPT-HOST-ACTION-FILE-CEILING-PROMOTED	resubmit-on-claimed-ceiling	forbids	crates/whipplescript-store/src/effect_recovery.rs#unverified_dispatch_marker,crates/whipplescript-store/src/effect_recovery.rs#require_proved_absence	crates/whipplescript-store/src/effect_recovery.rs#external_recovery_native_conformance,crates/whipplescript-store/src/effect_recovery.rs#external_disposition_is_not_a_terminal_status
host-action-recovery.maude	WHIPPLESCRIPT-HOST-ACTION-FILE-CEILING-MISSING	read-missing-cut-as-absence	forbids	crates/whipplescript-kernel/src/save_reconciliation.rs#require_committed_target	crates/whipplescript-kernel/src/save_reconciliation/target_result_tests.rs#absent_save_targets_cannot_supply_application_proof_to_either_reader,crates/whipplescript-cli/tests/admitted_file_execution.rs#admitted_file_execution_has_current_authority_on_both_hosts
